{
  "name": "requirejs",
  "version": "2.3.5",
  "ignore": [],
  "homepage": "http://requirejs.org",
  "authors": [
    "jrburke.com"
  ],
  "description": "A file and module loader for JavaScript",
  "main": "require.js",
  "keywords": [
    "AMD"
  ],
  "license": [
    "MIT"
  ],
  "_release": "2.3.5",
  "_resolution": {
    "type": "version",
    "tag": "2.3.5",
    "commit": "bec0afd0cb48b156926690c700b9ed68db7821db"
  },
  "_source": "https://github.com/jrburke/requirejs-bower.git",
  "_target": "^2.3.5",
  "_originalSource": "requirejs",
  "_direct": true
}